{
    "loss": 5.855654239654541,
    "accuracy": 0.658169150352478
}