{
    "loss": 0.8989994525909424,
    "accuracy": 0.8983333110809326
}